INSERT INTO producto (id_producto, nombre, categoria, marca, imagen_url) VALUES
(1, 'Camisa Oxford Clasica', 'Camisas', 'OMG MODA', 'https://picsum.photos/seed/clothwise-1/400/400'),
(2, 'Camisa Lino Relax', 'Camisas', 'Luna Atelier', 'https://picsum.photos/seed/clothwise-2/400/400'),
(3, 'Camisa Denim Ligera', 'Camisas', 'Urban Chic', 'https://picsum.photos/seed/clothwise-3/400/400'),
(4, 'Blusa Encaje Perla', 'Blusas', 'OMG MODA', 'https://picsum.photos/seed/clothwise-4/400/400'),
(5, 'Blusa Manga Globo', 'Blusas', 'Luna Atelier', 'https://picsum.photos/seed/clothwise-5/400/400'),
(6, 'Blusa Seda Urbana', 'Blusas', 'Urban Chic', 'https://picsum.photos/seed/clothwise-6/400/400'),
(7, 'Pantalon Palazzo', 'Pantalones', 'OMG MODA', 'https://picsum.photos/seed/clothwise-7/400/400'),
(8, 'Pantalon Sastre', 'Pantalones', 'Basic Line', 'https://picsum.photos/seed/clothwise-8/400/400'),
(9, 'Pantalon Cargo Soft', 'Pantalones', 'Urban Chic', 'https://picsum.photos/seed/clothwise-9/400/400'),
(10, 'Vestido Midi Terracota', 'Vestidos', 'OMG MODA', 'https://picsum.photos/seed/clothwise-10/400/400'),
(11, 'Vestido Cruzado Floral', 'Vestidos', 'Luna Atelier', 'https://picsum.photos/seed/clothwise-11/400/400'),
(12, 'Vestido Camisero', 'Vestidos', 'Basic Line', 'https://picsum.photos/seed/clothwise-12/400/400'),
(13, 'Falda Plisada', 'Faldas', 'OMG MODA', 'https://picsum.photos/seed/clothwise-13/400/400'),
(14, 'Falda Denim', 'Faldas', 'Urban Chic', 'https://picsum.photos/seed/clothwise-14/400/400'),
(15, 'Falda Lapiz Oficina', 'Faldas', 'Basic Line', 'https://picsum.photos/seed/clothwise-15/400/400'),
(16, 'Blazer Ejecutivo', 'Sacos', 'OMG MODA', 'https://picsum.photos/seed/clothwise-16/400/400'),
(17, 'Saco Oversize', 'Sacos', 'Urban Chic', 'https://picsum.photos/seed/clothwise-17/400/400'),
(18, 'Saco Tweed Corto', 'Sacos', 'Luna Atelier', 'https://picsum.photos/seed/clothwise-18/400/400'),
(19, 'Top Satinado', 'Tops', 'OMG MODA', 'https://picsum.photos/seed/clothwise-19/400/400'),
(20, 'Top Rib Basico', 'Tops', 'Basic Line', 'https://picsum.photos/seed/clothwise-20/400/400'),
(21, 'Top Halter Noche', 'Tops', 'Urban Chic', 'https://picsum.photos/seed/clothwise-21/400/400'),
(22, 'Jean Mom Fit', 'Jeans', 'Urban Chic', 'https://picsum.photos/seed/clothwise-22/400/400'),
(23, 'Jean Wide Leg', 'Jeans', 'OMG MODA', 'https://picsum.photos/seed/clothwise-23/400/400'),
(24, 'Jean Skinny Stretch', 'Jeans', 'Basic Line', 'https://picsum.photos/seed/clothwise-24/400/400'),
(25, 'Chompa Trenzada', 'Chompas', 'Luna Atelier', 'https://picsum.photos/seed/clothwise-25/400/400'),
(26, 'Chompa Cuello Alto', 'Chompas', 'OMG MODA', 'https://picsum.photos/seed/clothwise-26/400/400'),
(27, 'Cardigan Ligero', 'Chompas', 'Basic Line', 'https://picsum.photos/seed/clothwise-27/400/400'),
(28, 'Correa Minimal', 'Accesorios', 'OMG MODA', 'https://picsum.photos/seed/clothwise-28/400/400'),
(29, 'Panuelo Floral', 'Accesorios', 'Luna Atelier', 'https://picsum.photos/seed/clothwise-29/400/400'),
(30, 'Bolso Mini Crossbody', 'Accesorios', 'Urban Chic', 'https://picsum.photos/seed/clothwise-30/400/400'),
(31, 'Chaleco Sastre', 'Sacos', 'Basic Line', 'https://picsum.photos/seed/clothwise-31/400/400'),
(32, 'Body Manga Larga', 'Tops', 'OMG MODA', 'https://picsum.photos/seed/clothwise-32/400/400'),
(33, 'Short Lino Verano', 'Pantalones', 'Luna Atelier', 'https://picsum.photos/seed/clothwise-33/400/400'),
(34, 'Kimono Estampado', 'Sacos', 'Urban Chic', 'https://picsum.photos/seed/clothwise-34/400/400'),
(35, 'Enterizo Casual', 'Vestidos', 'OMG MODA', 'https://picsum.photos/seed/clothwise-35/400/400'),
(36, 'Polo Oversize', 'Tops', 'Basic Line', 'https://picsum.photos/seed/clothwise-36/400/400');

INSERT INTO variante_producto (
    id_variante, id_producto, sku, talla, color, material, precio_costo, precio_venta, stock_actual, stock_minimo
) VALUES
(1, 1, 'CW-00001', 'S', 'Blanco', 'Algodon', 42.00, 89.90, 28, 8),
(2, 1, 'CW-00002', 'M', 'Azul', 'Algodon', 44.00, 92.90, 5, 8),
(3, 2, 'CW-00003', 'M', 'Arena', 'Lino', 50.00, 109.90, 18, 7),
(4, 2, 'CW-00004', 'L', 'Verde Oliva', 'Lino', 52.00, 112.90, 3, 7),
(5, 3, 'CW-00005', 'S', 'Celeste', 'Denim', 48.00, 99.90, 16, 6),
(6, 3, 'CW-00006', 'M', 'Azul Indigo', 'Denim', 49.00, 104.90, 0, 6),
(7, 4, 'CW-00007', 'S', 'Marfil', 'Encaje', 45.00, 119.90, 24, 6),
(8, 4, 'CW-00008', 'M', 'Rosa Palo', 'Encaje', 46.00, 119.90, 4, 6),
(9, 5, 'CW-00009', 'M', 'Lavanda', 'Rayon', 43.00, 98.90, 20, 7),
(10, 5, 'CW-00010', 'L', 'Negro', 'Rayon', 43.00, 98.90, 7, 7),
(11, 6, 'CW-00011', 'S', 'Champagne', 'Seda', 68.00, 149.90, 14, 5),
(12, 6, 'CW-00012', 'M', 'Esmeralda', 'Seda', 70.00, 154.90, 2, 5),
(13, 7, 'CW-00013', 'S', 'Beige', 'Viscosa', 58.00, 119.90, 30, 8),
(14, 7, 'CW-00014', 'M', 'Negro', 'Viscosa', 60.00, 124.90, 6, 8),
(15, 8, 'CW-00015', 'M', 'Grafito', 'Poliviscosa', 62.00, 139.90, 22, 7),
(16, 8, 'CW-00016', 'L', 'Azul Marino', 'Poliviscosa', 63.00, 139.90, 5, 7),
(17, 9, 'CW-00017', 'S', 'Caqui', 'Algodon', 54.00, 119.90, 17, 6),
(18, 9, 'CW-00018', 'M', 'Negro', 'Algodon', 55.00, 119.90, 1, 6),
(19, 10, 'CW-00019', 'S', 'Terracota', 'Rayon', 82.00, 169.90, 12, 5),
(20, 10, 'CW-00020', 'M', 'Vino', 'Rayon', 84.00, 174.90, 0, 5),
(21, 11, 'CW-00021', 'S', 'Floral Azul', 'Viscosa', 76.00, 159.90, 15, 5),
(22, 11, 'CW-00022', 'M', 'Floral Rosa', 'Viscosa', 77.00, 159.90, 4, 5),
(23, 12, 'CW-00023', 'M', 'Crema', 'Algodon', 70.00, 149.90, 18, 6),
(24, 12, 'CW-00024', 'L', 'Camel', 'Algodon', 72.00, 149.90, 8, 6),
(25, 13, 'CW-00025', 'S', 'Verde', 'Poliester', 40.00, 99.90, 26, 8),
(26, 13, 'CW-00026', 'M', 'Azul Marino', 'Poliester', 42.00, 99.90, 6, 8),
(27, 14, 'CW-00027', 'S', 'Azul Claro', 'Denim', 45.00, 109.90, 21, 7),
(28, 14, 'CW-00028', 'M', 'Azul Oscuro', 'Denim', 46.00, 109.90, 2, 7),
(29, 15, 'CW-00029', 'M', 'Negro', 'Poliviscosa', 50.00, 119.90, 18, 6),
(30, 15, 'CW-00030', 'L', 'Gris', 'Poliviscosa', 51.00, 119.90, 5, 6),
(31, 16, 'CW-00031', 'M', 'Negro', 'Lino', 120.00, 249.90, 9, 8),
(32, 16, 'CW-00032', 'L', 'Azul Marino', 'Lino', 122.00, 249.90, 3, 8),
(33, 17, 'CW-00033', 'M', 'Camel', 'Paño', 95.00, 219.90, 13, 6),
(34, 17, 'CW-00034', 'L', 'Gris', 'Paño', 96.00, 219.90, 5, 6),
(35, 18, 'CW-00035', 'S', 'Rosa', 'Tweed', 110.00, 239.90, 10, 5),
(36, 18, 'CW-00036', 'M', 'Blanco Negro', 'Tweed', 112.00, 244.90, 2, 5),
(37, 19, 'CW-00037', 'S', 'Marfil', 'Saten', 34.00, 79.90, 32, 10),
(38, 19, 'CW-00038', 'M', 'Negro', 'Saten', 35.00, 82.90, 8, 10),
(39, 20, 'CW-00039', 'XS', 'Blanco', 'Algodon', 22.00, 49.90, 40, 12),
(40, 20, 'CW-00040', 'S', 'Negro', 'Algodon', 22.00, 49.90, 10, 12),
(41, 21, 'CW-00041', 'S', 'Rojo', 'Saten', 36.00, 89.90, 16, 6),
(42, 21, 'CW-00042', 'M', 'Negro', 'Saten', 37.00, 89.90, 4, 6),
(43, 22, 'CW-00043', '28', 'Azul Medio', 'Denim', 65.00, 139.90, 25, 8),
(44, 22, 'CW-00044', '30', 'Azul Oscuro', 'Denim', 66.00, 139.90, 7, 8),
(45, 23, 'CW-00045', '28', 'Celeste', 'Denim', 68.00, 149.90, 19, 7),
(46, 23, 'CW-00046', '30', 'Negro', 'Denim', 69.00, 149.90, 4, 7),
(47, 24, 'CW-00047', '28', 'Azul Indigo', 'Denim Stretch', 60.00, 129.90, 23, 7),
(48, 24, 'CW-00048', '30', 'Gris', 'Denim Stretch', 61.00, 129.90, 5, 7),
(49, 25, 'CW-00049', 'S', 'Crema', 'Acrilico', 55.00, 119.90, 17, 6),
(50, 25, 'CW-00050', 'M', 'Mostaza', 'Acrilico', 56.00, 119.90, 2, 6),
(51, 26, 'CW-00051', 'M', 'Borgona', 'Lana Blend', 62.00, 139.90, 14, 5),
(52, 26, 'CW-00052', 'L', 'Negro', 'Lana Blend', 63.00, 139.90, 0, 5),
(53, 27, 'CW-00053', 'S', 'Menta', 'Algodon', 48.00, 109.90, 21, 6),
(54, 27, 'CW-00054', 'M', 'Gris Claro', 'Algodon', 49.00, 109.90, 6, 6),
(55, 28, 'CW-00055', 'U', 'Negro', 'Cuero Sintetico', 18.00, 49.90, 35, 10),
(56, 28, 'CW-00056', 'U', 'Camel', 'Cuero Sintetico', 18.00, 49.90, 8, 10),
(57, 29, 'CW-00057', 'U', 'Floral', 'Seda Sintetica', 14.00, 39.90, 42, 12),
(58, 29, 'CW-00058', 'U', 'Azul', 'Seda Sintetica', 14.00, 39.90, 11, 12),
(59, 30, 'CW-00059', 'U', 'Negro', 'Eco Cuero', 70.00, 159.90, 16, 5),
(60, 30, 'CW-00060', 'U', 'Beige', 'Eco Cuero', 70.00, 159.90, 3, 5),
(61, 31, 'CW-00061', 'M', 'Hueso', 'Poliviscosa', 60.00, 139.90, 14, 5),
(62, 31, 'CW-00062', 'L', 'Negro', 'Poliviscosa', 60.00, 139.90, 5, 5),
(63, 32, 'CW-00063', 'S', 'Chocolate', 'Rib', 36.00, 89.90, 20, 7),
(64, 32, 'CW-00064', 'M', 'Negro', 'Rib', 36.00, 89.90, 6, 7),
(65, 33, 'CW-00065', 'S', 'Arena', 'Lino', 44.00, 99.90, 18, 6),
(66, 33, 'CW-00066', 'M', 'Blanco', 'Lino', 44.00, 99.90, 4, 6),
(67, 34, 'CW-00067', 'U', 'Multicolor', 'Rayon', 52.00, 129.90, 12, 5),
(68, 34, 'CW-00068', 'U', 'Verde', 'Rayon', 52.00, 129.90, 5, 5),
(69, 35, 'CW-00069', 'S', 'Negro', 'Viscosa', 85.00, 179.90, 11, 5),
(70, 35, 'CW-00070', 'M', 'Terracota', 'Viscosa', 85.00, 179.90, 2, 5),
(71, 36, 'CW-00071', 'M', 'Blanco', 'Algodon', 30.00, 69.90, 34, 10),
(72, 36, 'CW-00072', 'L', 'Gris Melange', 'Algodon', 30.00, 69.90, 9, 10),
(73, 1, 'CW-00073', 'M', 'Blanco', 'Algodon', 43.00, 91.90, 14, 8),
(74, 1, 'CW-00074', 'L', 'Blanco', 'Algodon', 45.00, 94.90, 0, 8),
(75, 1, 'CW-00075', 'S', 'Azul', 'Algodon', 43.00, 91.90, 18, 8),
(76, 1, 'CW-00076', 'L', 'Azul', 'Algodon', 45.00, 94.90, 3, 8),
(77, 2, 'CW-00077', 'S', 'Arena', 'Lino', 49.00, 107.90, 16, 7),
(78, 2, 'CW-00078', 'L', 'Arena', 'Lino', 52.00, 112.90, 5, 7),
(79, 2, 'CW-00079', 'M', 'Verde Oliva', 'Lino', 51.00, 111.90, 12, 7),
(80, 2, 'CW-00080', 'XL', 'Verde Oliva', 'Lino', 53.00, 114.90, 0, 7),
(81, 3, 'CW-00081', 'M', 'Celeste', 'Denim', 49.00, 102.90, 11, 6),
(82, 3, 'CW-00082', 'L', 'Celeste', 'Denim', 50.00, 106.90, 4, 6),
(83, 3, 'CW-00083', 'S', 'Azul Indigo', 'Denim', 48.00, 99.90, 13, 6),
(84, 3, 'CW-00084', 'L', 'Azul Indigo', 'Denim', 50.00, 106.90, 0, 6),
(85, 4, 'CW-00085', 'M', 'Marfil', 'Encaje', 46.00, 119.90, 10, 6),
(86, 4, 'CW-00086', 'L', 'Marfil', 'Encaje', 47.00, 124.90, 2, 6),
(87, 4, 'CW-00087', 'S', 'Rosa Palo', 'Encaje', 45.00, 119.90, 16, 6),
(88, 4, 'CW-00088', 'L', 'Rosa Palo', 'Encaje', 47.00, 124.90, 0, 6),
(89, 5, 'CW-00089', 'S', 'Lavanda', 'Rayon', 42.00, 96.90, 15, 7),
(90, 5, 'CW-00090', 'L', 'Lavanda', 'Rayon', 44.00, 99.90, 6, 7),
(91, 5, 'CW-00091', 'M', 'Negro', 'Rayon', 43.00, 98.90, 13, 7),
(92, 5, 'CW-00092', 'XL', 'Negro', 'Rayon', 45.00, 102.90, 0, 7),
(93, 6, 'CW-00093', 'M', 'Champagne', 'Seda', 70.00, 154.90, 8, 5),
(94, 6, 'CW-00094', 'L', 'Champagne', 'Seda', 72.00, 159.90, 1, 5),
(95, 6, 'CW-00095', 'S', 'Esmeralda', 'Seda', 68.00, 149.90, 12, 5),
(96, 6, 'CW-00096', 'L', 'Esmeralda', 'Seda', 72.00, 159.90, 0, 5),
(97, 7, 'CW-00097', 'M', 'Beige', 'Viscosa', 60.00, 124.90, 18, 8),
(98, 7, 'CW-00098', 'L', 'Beige', 'Viscosa', 61.00, 126.90, 4, 8),
(99, 7, 'CW-00099', 'S', 'Negro', 'Viscosa', 58.00, 119.90, 14, 8),
(100, 7, 'CW-00100', 'L', 'Negro', 'Viscosa', 61.00, 126.90, 0, 8),
(101, 8, 'CW-00101', 'S', 'Grafito', 'Poliviscosa', 61.00, 137.90, 12, 7),
(102, 8, 'CW-00102', 'L', 'Grafito', 'Poliviscosa', 63.00, 139.90, 6, 7),
(103, 8, 'CW-00103', 'M', 'Azul Marino', 'Poliviscosa', 62.00, 139.90, 9, 7),
(104, 8, 'CW-00104', 'XL', 'Azul Marino', 'Poliviscosa', 64.00, 144.90, 0, 7),
(105, 9, 'CW-00105', 'M', 'Caqui', 'Algodon', 55.00, 119.90, 10, 6),
(106, 9, 'CW-00106', 'L', 'Caqui', 'Algodon', 56.00, 122.90, 3, 6),
(107, 9, 'CW-00107', 'S', 'Negro', 'Algodon', 54.00, 119.90, 15, 6),
(108, 9, 'CW-00108', 'L', 'Negro', 'Algodon', 56.00, 122.90, 0, 6),
(109, 10, 'CW-00109', 'M', 'Terracota', 'Rayon', 84.00, 174.90, 9, 5),
(110, 10, 'CW-00110', 'L', 'Terracota', 'Rayon', 86.00, 179.90, 2, 5),
(111, 10, 'CW-00111', 'S', 'Vino', 'Rayon', 82.00, 169.90, 10, 5),
(112, 10, 'CW-00112', 'L', 'Vino', 'Rayon', 86.00, 179.90, 0, 5),
(113, 11, 'CW-00113', 'M', 'Floral Azul', 'Viscosa', 77.00, 159.90, 9, 5),
(114, 11, 'CW-00114', 'L', 'Floral Azul', 'Viscosa', 79.00, 164.90, 1, 5),
(115, 11, 'CW-00115', 'S', 'Floral Rosa', 'Viscosa', 76.00, 159.90, 12, 5),
(116, 11, 'CW-00116', 'L', 'Floral Rosa', 'Viscosa', 79.00, 164.90, 0, 5),
(117, 12, 'CW-00117', 'S', 'Crema', 'Algodon', 69.00, 147.90, 11, 6),
(118, 12, 'CW-00118', 'L', 'Crema', 'Algodon', 72.00, 149.90, 4, 6),
(119, 12, 'CW-00119', 'M', 'Camel', 'Algodon', 71.00, 149.90, 9, 6),
(120, 12, 'CW-00120', 'XL', 'Camel', 'Algodon', 73.00, 154.90, 0, 6);

INSERT INTO cliente (id_cliente, nombre, correo, telefono, segmento, total_compras, ultima_compra) VALUES
(1, 'Mariela Torres', 'mariela.torres@example.com', '999120554', 'VIP', 2480.70, DATE_SUB(CURRENT_DATE(), INTERVAL 2 DAY)),
(2, 'Andrea Rojas', 'andrea.rojas@example.com', '988771042', 'Frecuente', 1090.20, DATE_SUB(CURRENT_DATE(), INTERVAL 4 DAY)),
(3, 'Lucia Benavides', 'lucia.benavides@example.com', '977113898', 'Nuevo', 249.80, CURRENT_DATE()),
(4, 'Carolina Vega', 'carolina.vega@example.com', '955803210', 'VIP', 3210.40, DATE_SUB(CURRENT_DATE(), INTERVAL 6 DAY)),
(5, 'Valeria Castro', 'valeria.castro@example.com', '944670122', 'Frecuente', 870.50, DATE_SUB(CURRENT_DATE(), INTERVAL 9 DAY)),
(6, 'Sofia Herrera', 'sofia.herrera@example.com', '933441905', 'Nuevo', 159.90, DATE_SUB(CURRENT_DATE(), INTERVAL 12 DAY)),
(7, 'Camila Salazar', 'camila.salazar@example.com', '922781330', 'VIP', 2799.10, DATE_SUB(CURRENT_DATE(), INTERVAL 1 DAY)),
(8, 'Diana Flores', 'diana.flores@example.com', '911204883', 'Frecuente', 760.30, DATE_SUB(CURRENT_DATE(), INTERVAL 15 DAY)),
(9, 'Paola Medina', 'paola.medina@example.com', '900882711', 'Nuevo', 199.80, DATE_SUB(CURRENT_DATE(), INTERVAL 3 DAY)),
(10, 'Fernanda Paredes', 'fernanda.paredes@example.com', '989345221', 'VIP', 3540.00, DATE_SUB(CURRENT_DATE(), INTERVAL 20 DAY)),
(11, 'Natalia Ruiz', 'natalia.ruiz@example.com', '978562900', 'Frecuente', 990.70, DATE_SUB(CURRENT_DATE(), INTERVAL 8 DAY)),
(12, 'Gabriela Soto', 'gabriela.soto@example.com', '967455610', 'Nuevo', 129.90, DATE_SUB(CURRENT_DATE(), INTERVAL 18 DAY)),
(13, 'Renata Diaz', 'renata.diaz@example.com', '956300412', 'VIP', 4100.30, DATE_SUB(CURRENT_DATE(), INTERVAL 5 DAY)),
(14, 'Ximena Aguilar', 'ximena.aguilar@example.com', '945001288', 'Frecuente', 680.60, DATE_SUB(CURRENT_DATE(), INTERVAL 13 DAY)),
(15, 'Daniela Molina', 'daniela.molina@example.com', '934892177', 'Nuevo', 89.90, DATE_SUB(CURRENT_DATE(), INTERVAL 21 DAY)),
(16, 'Alejandra Leon', 'alejandra.leon@example.com', '923455009', 'VIP', 2920.10, CURRENT_DATE()),
(17, 'Claudia Mendez', 'claudia.mendez@example.com', '912777441', 'Frecuente', 1180.90, DATE_SUB(CURRENT_DATE(), INTERVAL 11 DAY)),
(18, 'Jimena Campos', 'jimena.campos@example.com', '901440988', 'Nuevo', 219.80, DATE_SUB(CURRENT_DATE(), INTERVAL 16 DAY)),
(19, 'Rosa Vilca', 'rosa.vilca@example.com', '990100882', 'Frecuente', 930.00, DATE_SUB(CURRENT_DATE(), INTERVAL 23 DAY)),
(20, 'Milagros Peña', 'milagros.pena@example.com', '979188004', 'VIP', 2660.40, DATE_SUB(CURRENT_DATE(), INTERVAL 7 DAY)),
(21, 'Elena Navarro', 'elena.navarro@example.com', '968321407', 'Nuevo', 179.90, DATE_SUB(CURRENT_DATE(), INTERVAL 25 DAY)),
(22, 'Patricia Lozano', 'patricia.lozano@example.com', '957812640', 'Frecuente', 845.20, DATE_SUB(CURRENT_DATE(), INTERVAL 10 DAY)),
(23, 'Karla Mendoza', 'karla.mendoza@example.com', '946209331', 'VIP', 3199.70, DATE_SUB(CURRENT_DATE(), INTERVAL 14 DAY)),
(24, 'Micaela Ramos', 'micaela.ramos@example.com', '935620118', 'Nuevo', 99.90, DATE_SUB(CURRENT_DATE(), INTERVAL 27 DAY));

INSERT INTO venta (id_venta, id_usuario, estado, metodo_pago, fecha) VALUES
(1001, 2, 'COMPLETADA', 'EFECTIVO', CAST(CONCAT(CURRENT_DATE(), ' 09:20:00') AS DATETIME)),
(1002, 2, 'COMPLETADA', 'YAPE', CAST(CONCAT(CURRENT_DATE(), ' 10:45:00') AS DATETIME)),
(1003, 2, 'COMPLETADA', 'TARJETA', CAST(CONCAT(CURRENT_DATE(), ' 12:10:00') AS DATETIME)),
(1004, 2, 'COMPLETADA', 'TRANSFERENCIA', CAST(CONCAT(CURRENT_DATE(), ' 14:35:00') AS DATETIME)),
(1005, 2, 'COMPLETADA', 'YAPE', CAST(CONCAT(CURRENT_DATE(), ' 16:20:00') AS DATETIME)),
(1006, 2, 'COMPLETADA', 'EFECTIVO', CAST(CONCAT(CURRENT_DATE(), ' 18:05:00') AS DATETIME)),
(1007, 2, 'COMPLETADA', 'TARJETA', CAST(CONCAT(DATE_SUB(CURRENT_DATE(), INTERVAL 1 DAY), ' 10:00:00') AS DATETIME)),
(1008, 2, 'COMPLETADA', 'YAPE', CAST(CONCAT(DATE_SUB(CURRENT_DATE(), INTERVAL 1 DAY), ' 17:10:00') AS DATETIME)),
(1009, 2, 'COMPLETADA', 'EFECTIVO', CAST(CONCAT(DATE_SUB(CURRENT_DATE(), INTERVAL 2 DAY), ' 11:30:00') AS DATETIME)),
(1010, 2, 'COMPLETADA', 'TRANSFERENCIA', CAST(CONCAT(DATE_SUB(CURRENT_DATE(), INTERVAL 2 DAY), ' 19:00:00') AS DATETIME)),
(1011, 2, 'COMPLETADA', 'YAPE', CAST(CONCAT(DATE_SUB(CURRENT_DATE(), INTERVAL 3 DAY), ' 09:50:00') AS DATETIME)),
(1012, 2, 'COMPLETADA', 'TARJETA', CAST(CONCAT(DATE_SUB(CURRENT_DATE(), INTERVAL 3 DAY), ' 15:25:00') AS DATETIME)),
(1013, 2, 'COMPLETADA', 'EFECTIVO', CAST(CONCAT(DATE_SUB(CURRENT_DATE(), INTERVAL 4 DAY), ' 12:40:00') AS DATETIME)),
(1014, 2, 'COMPLETADA', 'YAPE', CAST(CONCAT(DATE_SUB(CURRENT_DATE(), INTERVAL 4 DAY), ' 18:30:00') AS DATETIME)),
(1015, 2, 'COMPLETADA', 'TRANSFERENCIA', CAST(CONCAT(DATE_SUB(CURRENT_DATE(), INTERVAL 5 DAY), ' 11:15:00') AS DATETIME)),
(1016, 2, 'COMPLETADA', 'TARJETA', CAST(CONCAT(DATE_SUB(CURRENT_DATE(), INTERVAL 5 DAY), ' 16:45:00') AS DATETIME)),
(1017, 2, 'COMPLETADA', 'YAPE', CAST(CONCAT(DATE_SUB(CURRENT_DATE(), INTERVAL 6 DAY), ' 10:10:00') AS DATETIME)),
(1018, 2, 'COMPLETADA', 'EFECTIVO', CAST(CONCAT(DATE_SUB(CURRENT_DATE(), INTERVAL 6 DAY), ' 17:25:00') AS DATETIME)),
(1019, 2, 'COMPLETADA', 'TARJETA', CAST(CONCAT(DATE_SUB(CURRENT_DATE(), INTERVAL 8 DAY), ' 13:05:00') AS DATETIME)),
(1020, 2, 'COMPLETADA', 'YAPE', CAST(CONCAT(DATE_SUB(CURRENT_DATE(), INTERVAL 9 DAY), ' 18:15:00') AS DATETIME)),
(1021, 2, 'COMPLETADA', 'EFECTIVO', CAST(CONCAT(DATE_SUB(CURRENT_DATE(), INTERVAL 11 DAY), ' 11:05:00') AS DATETIME)),
(1022, 2, 'COMPLETADA', 'TRANSFERENCIA', CAST(CONCAT(DATE_SUB(CURRENT_DATE(), INTERVAL 13 DAY), ' 16:00:00') AS DATETIME)),
(1023, 2, 'COMPLETADA', 'YAPE', CAST(CONCAT(DATE_SUB(CURRENT_DATE(), INTERVAL 15 DAY), ' 12:30:00') AS DATETIME)),
(1024, 2, 'COMPLETADA', 'TARJETA', CAST(CONCAT(DATE_SUB(CURRENT_DATE(), INTERVAL 17 DAY), ' 19:20:00') AS DATETIME)),
(1025, 2, 'COMPLETADA', 'EFECTIVO', CAST(CONCAT(DATE_SUB(CURRENT_DATE(), INTERVAL 19 DAY), ' 10:40:00') AS DATETIME)),
(1026, 2, 'COMPLETADA', 'YAPE', CAST(CONCAT(DATE_SUB(CURRENT_DATE(), INTERVAL 21 DAY), ' 14:10:00') AS DATETIME)),
(1027, 2, 'COMPLETADA', 'TRANSFERENCIA', CAST(CONCAT(DATE_SUB(CURRENT_DATE(), INTERVAL 23 DAY), ' 18:55:00') AS DATETIME)),
(1028, 2, 'COMPLETADA', 'TARJETA', CAST(CONCAT(DATE_SUB(CURRENT_DATE(), INTERVAL 25 DAY), ' 15:45:00') AS DATETIME)),
(1029, 2, 'COMPLETADA', 'YAPE', CAST(CONCAT(DATE_SUB(CURRENT_DATE(), INTERVAL 27 DAY), ' 11:35:00') AS DATETIME)),
(1030, 2, 'COMPLETADA', 'EFECTIVO', CAST(CONCAT(DATE_SUB(CURRENT_DATE(), INTERVAL 29 DAY), ' 17:05:00') AS DATETIME));

INSERT INTO venta (id_venta, id_usuario, estado, metodo_pago, fecha) VALUES
(1101, 2, 'COMPLETADA', 'YAPE', CAST(CONCAT(DATE_SUB(CURRENT_DATE(), INTERVAL 35 DAY), ' 10:20:00') AS DATETIME)),
(1102, 2, 'COMPLETADA', 'TARJETA', CAST(CONCAT(DATE_SUB(CURRENT_DATE(), INTERVAL 38 DAY), ' 16:45:00') AS DATETIME)),
(1103, 2, 'COMPLETADA', 'EFECTIVO', CAST(CONCAT(DATE_SUB(CURRENT_DATE(), INTERVAL 42 DAY), ' 12:15:00') AS DATETIME)),
(1104, 2, 'COMPLETADA', 'TRANSFERENCIA', CAST(CONCAT(DATE_SUB(CURRENT_DATE(), INTERVAL 46 DAY), ' 18:30:00') AS DATETIME)),
(1105, 2, 'COMPLETADA', 'YAPE', CAST(CONCAT(DATE_SUB(CURRENT_DATE(), INTERVAL 50 DAY), ' 11:10:00') AS DATETIME)),
(1106, 2, 'COMPLETADA', 'TARJETA', CAST(CONCAT(DATE_SUB(CURRENT_DATE(), INTERVAL 54 DAY), ' 17:05:00') AS DATETIME)),
(1107, 2, 'COMPLETADA', 'EFECTIVO', CAST(CONCAT(DATE_SUB(CURRENT_DATE(), INTERVAL 58 DAY), ' 09:55:00') AS DATETIME)),
(1108, 2, 'COMPLETADA', 'YAPE', CAST(CONCAT(DATE_SUB(CURRENT_DATE(), INTERVAL 62 DAY), ' 15:40:00') AS DATETIME)),
(1109, 2, 'COMPLETADA', 'TARJETA', CAST(CONCAT(DATE_SUB(CURRENT_DATE(), INTERVAL 66 DAY), ' 13:25:00') AS DATETIME)),
(1110, 2, 'COMPLETADA', 'EFECTIVO', CAST(CONCAT(DATE_SUB(CURRENT_DATE(), INTERVAL 70 DAY), ' 19:10:00') AS DATETIME)),
(1111, 2, 'COMPLETADA', 'TRANSFERENCIA', CAST(CONCAT(DATE_SUB(CURRENT_DATE(), INTERVAL 74 DAY), ' 10:35:00') AS DATETIME)),
(1112, 2, 'COMPLETADA', 'YAPE', CAST(CONCAT(DATE_SUB(CURRENT_DATE(), INTERVAL 78 DAY), ' 16:15:00') AS DATETIME)),
(1113, 2, 'COMPLETADA', 'TARJETA', CAST(CONCAT(DATE_SUB(CURRENT_DATE(), INTERVAL 82 DAY), ' 12:45:00') AS DATETIME)),
(1114, 2, 'COMPLETADA', 'EFECTIVO', CAST(CONCAT(DATE_SUB(CURRENT_DATE(), INTERVAL 86 DAY), ' 18:05:00') AS DATETIME)),
(1115, 2, 'COMPLETADA', 'YAPE', CAST(CONCAT(DATE_SUB(CURRENT_DATE(), INTERVAL 90 DAY), ' 11:50:00') AS DATETIME)),
(1116, 2, 'COMPLETADA', 'TARJETA', CAST(CONCAT(DATE_SUB(CURRENT_DATE(), INTERVAL 94 DAY), ' 17:25:00') AS DATETIME)),
(1117, 2, 'COMPLETADA', 'EFECTIVO', CAST(CONCAT(DATE_SUB(CURRENT_DATE(), INTERVAL 98 DAY), ' 10:05:00') AS DATETIME)),
(1118, 2, 'COMPLETADA', 'TRANSFERENCIA', CAST(CONCAT(DATE_SUB(CURRENT_DATE(), INTERVAL 102 DAY), ' 15:55:00') AS DATETIME)),
(1119, 2, 'COMPLETADA', 'YAPE', CAST(CONCAT(DATE_SUB(CURRENT_DATE(), INTERVAL 106 DAY), ' 13:20:00') AS DATETIME)),
(1120, 2, 'COMPLETADA', 'TARJETA', CAST(CONCAT(DATE_SUB(CURRENT_DATE(), INTERVAL 110 DAY), ' 18:40:00') AS DATETIME)),
(1121, 2, 'COMPLETADA', 'EFECTIVO', CAST(CONCAT(DATE_SUB(CURRENT_DATE(), INTERVAL 114 DAY), ' 10:30:00') AS DATETIME)),
(1122, 2, 'COMPLETADA', 'YAPE', CAST(CONCAT(DATE_SUB(CURRENT_DATE(), INTERVAL 118 DAY), ' 16:20:00') AS DATETIME));

INSERT INTO detalle_venta (id_detalle, id_venta, id_variante, cantidad, precio_unitario) VALUES
(1, 1001, 1, 2, 89.90),
(2, 1001, 37, 1, 79.90),
(3, 1002, 7, 1, 119.90),
(4, 1002, 55, 1, 49.90),
(5, 1003, 13, 2, 119.90),
(6, 1003, 41, 1, 89.90),
(7, 1004, 19, 1, 169.90),
(8, 1004, 57, 2, 39.90),
(9, 1005, 31, 1, 249.90),
(10, 1005, 39, 2, 49.90),
(11, 1006, 45, 1, 149.90),
(12, 1006, 63, 1, 89.90),
(13, 1007, 3, 1, 109.90),
(14, 1007, 25, 1, 99.90),
(15, 1008, 11, 1, 149.90),
(16, 1008, 43, 1, 139.90),
(17, 1009, 15, 1, 139.90),
(18, 1009, 71, 2, 69.90),
(19, 1010, 21, 1, 159.90),
(20, 1010, 59, 1, 159.90),
(21, 1011, 27, 1, 109.90),
(22, 1011, 49, 1, 119.90),
(23, 1012, 33, 1, 219.90),
(24, 1012, 65, 1, 99.90),
(25, 1013, 5, 1, 99.90),
(26, 1013, 53, 1, 109.90),
(27, 1014, 23, 1, 149.90),
(28, 1014, 61, 1, 139.90),
(29, 1015, 29, 1, 119.90),
(30, 1015, 47, 1, 129.90),
(31, 1016, 35, 1, 239.90),
(32, 1016, 69, 1, 179.90),
(33, 1017, 9, 1, 98.90),
(34, 1017, 67, 1, 129.90),
(35, 1018, 17, 1, 119.90),
(36, 1018, 51, 1, 139.90),
(37, 1019, 2, 1, 92.90),
(38, 1019, 38, 1, 82.90),
(39, 1020, 8, 1, 119.90),
(40, 1020, 56, 1, 49.90),
(41, 1021, 14, 1, 124.90),
(42, 1021, 42, 1, 89.90),
(43, 1022, 20, 1, 174.90),
(44, 1022, 58, 2, 39.90),
(45, 1023, 32, 1, 249.90),
(46, 1023, 40, 2, 49.90),
(47, 1024, 46, 1, 149.90),
(48, 1024, 64, 1, 89.90),
(49, 1025, 4, 1, 112.90),
(50, 1025, 26, 1, 99.90),
(51, 1026, 12, 1, 154.90),
(52, 1026, 44, 1, 139.90),
(53, 1027, 16, 1, 139.90),
(54, 1027, 72, 1, 69.90),
(55, 1028, 22, 1, 159.90),
(56, 1028, 60, 1, 159.90),
(57, 1029, 28, 1, 109.90),
(58, 1029, 50, 1, 119.90),
(59, 1030, 34, 1, 219.90),
(60, 1030, 66, 1, 99.90);

INSERT INTO detalle_venta (id_detalle, id_venta, id_variante, cantidad, precio_unitario) VALUES
(101, 1101, 1, 1, 89.90),
(102, 1101, 39, 2, 49.90),
(103, 1102, 7, 1, 119.90),
(104, 1102, 55, 1, 49.90),
(105, 1103, 13, 1, 119.90),
(106, 1103, 41, 1, 89.90),
(107, 1104, 19, 1, 169.90),
(108, 1104, 57, 2, 39.90),
(109, 1105, 25, 1, 99.90),
(110, 1105, 43, 1, 139.90),
(111, 1106, 31, 1, 249.90),
(112, 1106, 63, 1, 89.90),
(113, 1107, 3, 1, 109.90),
(114, 1107, 45, 1, 149.90),
(115, 1108, 11, 1, 149.90),
(116, 1108, 67, 1, 129.90),
(117, 1109, 15, 1, 139.90),
(118, 1109, 71, 2, 69.90),
(119, 1110, 21, 1, 159.90),
(120, 1110, 59, 1, 159.90),
(121, 1111, 27, 1, 109.90),
(122, 1111, 49, 1, 119.90),
(123, 1112, 33, 1, 219.90),
(124, 1112, 65, 1, 99.90),
(125, 1113, 5, 1, 99.90),
(126, 1113, 53, 1, 109.90),
(127, 1114, 23, 1, 149.90),
(128, 1114, 61, 1, 139.90),
(129, 1115, 29, 1, 119.90),
(130, 1115, 47, 1, 129.90),
(131, 1116, 35, 1, 239.90),
(132, 1116, 69, 1, 179.90),
(133, 1117, 9, 1, 98.90),
(134, 1117, 51, 1, 139.90),
(135, 1118, 17, 1, 119.90),
(136, 1118, 37, 1, 79.90),
(137, 1119, 2, 1, 92.90),
(138, 1119, 38, 1, 82.90),
(139, 1120, 8, 1, 119.90),
(140, 1120, 56, 1, 49.90),
(141, 1121, 14, 1, 124.90),
(142, 1121, 42, 1, 89.90),
(143, 1122, 20, 1, 174.90),
(144, 1122, 58, 2, 39.90);

INSERT INTO movimiento (id_variante, id_usuario, tipo, cantidad, motivo, fecha)
SELECT
    id_variante,
    1,
    'ENTRADA',
    stock_actual + stock_minimo + 15,
    'Seed inicial de inventario',
    CAST(CONCAT(DATE_SUB(CURRENT_DATE(), INTERVAL 125 DAY), ' 08:00:00') AS DATETIME)
FROM variante_producto;

INSERT INTO movimiento (id_variante, id_usuario, tipo, cantidad, motivo, fecha)
SELECT
    d.id_variante,
    v.id_usuario,
    'SALIDA',
    d.cantidad,
    CONCAT('Venta seed #', v.id_venta),
    v.fecha
FROM detalle_venta d
JOIN venta v ON v.id_venta = d.id_venta;

INSERT INTO movimiento (id_variante, id_usuario, tipo, cantidad, motivo, fecha) VALUES
(2, 1, 'ENTRADA', 12, 'Reposicion por bajo stock', CAST(CONCAT(DATE_SUB(CURRENT_DATE(), INTERVAL 2 DAY), ' 09:00:00') AS DATETIME)),
(6, 1, 'AJUSTE', 0, 'Correccion por merma', CAST(CONCAT(DATE_SUB(CURRENT_DATE(), INTERVAL 1 DAY), ' 09:30:00') AS DATETIME)),
(18, 1, 'AJUSTE', 1, 'Conteo fisico', CAST(CONCAT(CURRENT_DATE(), ' 08:40:00') AS DATETIME)),
(20, 1, 'AJUSTE', 0, 'Producto agotado en tienda', CAST(CONCAT(CURRENT_DATE(), ' 08:45:00') AS DATETIME)),
(32, 1, 'ENTRADA', 8, 'Reposicion de temporada', CAST(CONCAT(DATE_SUB(CURRENT_DATE(), INTERVAL 4 DAY), ' 10:20:00') AS DATETIME)),
(52, 1, 'AJUSTE', 0, 'Correccion por merma', CAST(CONCAT(DATE_SUB(CURRENT_DATE(), INTERVAL 3 DAY), ' 16:15:00') AS DATETIME)),
(60, 1, 'ENTRADA', 10, 'Reposicion por bajo stock', CAST(CONCAT(DATE_SUB(CURRENT_DATE(), INTERVAL 5 DAY), ' 11:50:00') AS DATETIME)),
(70, 1, 'AJUSTE', 2, 'Conteo fisico', CAST(CONCAT(DATE_SUB(CURRENT_DATE(), INTERVAL 6 DAY), ' 12:10:00') AS DATETIME));

ALTER TABLE producto AUTO_INCREMENT = 100;
ALTER TABLE variante_producto AUTO_INCREMENT = 300;
ALTER TABLE cliente AUTO_INCREMENT = 100;
ALTER TABLE venta AUTO_INCREMENT = 2000;
ALTER TABLE detalle_venta AUTO_INCREMENT = 2000;
